,Id,ActivityDate,ActivityDay,TotalSteps,TotalDistance,VeryActiveMinutes,FairlyActiveMinutes,LightlyActiveMinutes,SedentaryMinutes,Calories
0,1503960366,4/12/2016,Tue,13162,8.5,25,13,328,728,1985
1,1503960366,4/13/2016,Wed,10735,6.96999979,21,19,217,776,1797
2,1503960366,4/14/2016,Thu,10460,6.739999771,30,11,181,1218,1776
3,1503960366,4/15/2016,Fri,9762,6.28000021,29,34,209,726,1745
4,1503960366,4/16/2016,Sat,12669,8.159999847,36,10,221,773,1863
5,1503960366,4/17/2016,Sun,9705,6.480000019,38,20,164,539,1728
6,1503960366,4/18/2016,Mon,13019,8.590000153,42,16,233,1149,1921
7,1503960366,4/19/2016,Tue,15506,9.880000114,50,31,264,775,2035
8,1503960366,4/20/2016,Wed,10544,6.679999828,28,12,205,818,1786
9,1503960366,4/21/2016,Thu,9819,6.340000153,19,8,211,838,1775
10,1503960366,4/22/2016,Fri,12764,8.130000114,66,27,130,1217,1827
11,1503960366,4/23/2016,Sat,14371,9.039999962,41,21,262,732,1949
12,1503960366,4/24/2016,Sun,10039,6.409999847,39,5,238,709,1788
13,1503960366,4/25/2016,Mon,15355,9.800000191,73,14,216,814,2013
14,1503960366,4/26/2016,Tue,13755,8.789999962,31,23,279,833,1970
15,1503960366,4/27/2016,Wed,18134,12.21000004,78,11,243,1108,2159
16,1503960366,4/28/2016,Thu,13154,8.529999733,48,28,189,782,1898
17,1503960366,4/29/2016,Fri,11181,7.150000095,16,12,243,815,1837
18,1503960366,4/30/2016,Sat,14673,9.25,52,34,217,712,1947
19,1503960366,5/1/2016,Sun,10602,6.809999943,33,35,246,730,1820
20,1503960366,5/2/2016,Mon,14727,9.710000038,41,15,277,798,2004
21,1503960366,5/3/2016,Tue,15103,9.659999847,50,24,254,816,1990
22,1503960366,5/4/2016,Wed,11100,7.150000095,36,22,203,1179,1819
23,1503960366,5/5/2016,Thu,14070,8.899999619,45,24,250,857,1959
24,1503960366,5/6/2016,Fri,12159,8.029999733,24,6,289,754,1896
25,1503960366,5/7/2016,Sat,11992,7.710000038,37,46,175,833,1821
26,1503960366,5/8/2016,Sun,10060,6.579999924,44,8,203,574,1740
27,1503960366,5/9/2016,Mon,12022,7.71999979,46,11,206,835,1819
28,1503960366,5/10/2016,Tue,12207,7.769999981,46,31,214,746,1859
29,1503960366,5/11/2016,Wed,12770,8.130000114,36,23,251,669,1783
30,1624580081,4/12/2016,Tue,8163,5.309999943,0,0,146,1294,1432
31,1624580081,4/13/2016,Wed,7007,4.550000191,0,0,148,1292,1411
32,1624580081,4/14/2016,Thu,9107,5.920000076,0,0,236,1204,1572
33,1624580081,4/15/2016,Fri,1510,0.980000019,0,0,96,1344,1344
34,1624580081,4/16/2016,Sat,5370,3.49000001,0,0,176,1264,1463
35,1624580081,4/17/2016,Sun,6175,4.059999943,15,22,127,1276,1554
36,1624580081,4/18/2016,Mon,10536,7.409999847,17,7,202,1214,1604
37,1624580081,4/19/2016,Tue,2916,1.899999976,0,0,141,1299,1435
38,1624580081,4/20/2016,Wed,4974,3.230000019,0,0,151,1289,1446
39,1624580081,4/21/2016,Thu,6349,4.130000114,0,0,186,1254,1467
40,1624580081,4/22/2016,Fri,4026,2.619999886,0,0,199,1241,1470
41,1624580081,4/23/2016,Sat,8538,5.550000191,0,0,227,1213,1562
42,1624580081,4/24/2016,Sun,6076,3.950000048,16,18,185,1221,1617
43,1624580081,4/25/2016,Mon,6497,4.21999979,0,0,202,1238,1492
44,1624580081,4/26/2016,Tue,2826,1.840000033,0,0,140,1300,1402
45,1624580081,4/27/2016,Wed,8367,5.440000057,17,36,154,1233,1670
46,1624580081,4/28/2016,Thu,2759,1.789999962,0,5,115,1320,1401
47,1624580081,4/29/2016,Fri,2390,1.549999952,0,0,150,1290,1404
48,1624580081,4/30/2016,Sat,6474,4.300000191,11,23,224,1182,1655
49,1624580081,5/1/2016,Sun,36019,28.03000069,186,63,171,1020,2690
50,1624580081,5/2/2016,Mon,7155,4.929999828,7,6,166,1261,1497
51,1624580081,5/3/2016,Tue,2100,1.370000005,0,0,96,1344,1334
52,1624580081,5/4/2016,Wed,2193,1.429999948,0,0,118,1322,1368
53,1624580081,5/5/2016,Thu,2470,1.610000014,0,0,117,1323,1370
54,1624580081,5/6/2016,Fri,1727,1.120000005,0,0,102,1338,1341
55,1624580081,5/7/2016,Sat,2104,1.370000005,0,0,182,1258,1474
56,1624580081,5/8/2016,Sun,3427,2.230000019,0,0,152,1288,1427
57,1624580081,5/9/2016,Mon,1732,1.129999995,0,0,91,1349,1328
58,1624580081,5/10/2016,Tue,2969,1.929999948,0,0,139,1301,1393
59,1624580081,5/11/2016,Wed,3134,2.039999962,0,0,112,1328,1359
60,1624580081,5/12/2016,Thu,2971,1.929999948,0,0,107,890,1002
61,1644430081,4/12/2016,Tue,10694,7.769999981,2,51,256,1131,3199
62,1644430081,4/13/2016,Wed,8001,5.820000172,30,16,135,1259,2902
63,1644430081,4/14/2016,Thu,11037,8.020000458,5,58,252,1125,3226
64,1644430081,4/15/2016,Fri,5263,3.829999924,3,4,170,1263,2750
65,1644430081,4/16/2016,Sat,15300,11.11999989,51,42,212,1135,3493
66,1644430081,4/17/2016,Sun,8757,6.369999886,29,13,186,1212,3011
67,1644430081,4/18/2016,Mon,7132,5.190000057,15,33,121,1271,2806
68,1644430081,4/19/2016,Tue,11256,8.180000305,5,58,278,1099,3300
69,1644430081,4/20/2016,Wed,2436,1.769999981,0,0,125,1315,2430
70,1644430081,4/21/2016,Thu,1223,0.889999986,0,0,38,1402,2140
71,1644430081,4/22/2016,Fri,3673,2.670000076,0,0,86,1354,2344
72,1644430081,4/23/2016,Sat,6637,4.829999924,0,15,160,1265,2677
73,1644430081,4/24/2016,Sun,3321,2.410000086,0,0,89,1351,2413
74,1644430081,4/25/2016,Mon,3580,2.599999905,8,1,94,1337,2497
75,1644430081,4/26/2016,Tue,9919,7.210000038,11,41,223,1165,3123
76,1644430081,4/27/2016,Wed,3032,2.200000048,0,0,118,1322,2489
77,1644430081,4/28/2016,Thu,9405,6.840000153,3,53,227,1157,3108
78,1644430081,4/29/2016,Fri,3176,2.309999943,0,0,120,1193,2498
79,1644430081,4/30/2016,Sat,18213,13.23999977,9,71,402,816,3846
80,1644430081,5/1/2016,Sun,6132,4.460000038,3,24,146,908,2696
81,1644430081,5/2/2016,Mon,3758,2.730000019,1,7,148,682,2580
82,1644430081,5/3/2016,Tue,12850,9.340000153,10,94,221,1115,3324
83,1644430081,5/4/2016,Wed,2309,1.679999948,0,0,52,1388,2222
84,1644430081,5/5/2016,Thu,4363,3.190000057,6,12,81,1341,2463
85,1644430081,5/6/2016,Fri,9787,7.119999886,11,6,369,1054,3328
86,1644430081,5/7/2016,Sat,13372,9.720000267,41,17,243,1139,3404
87,1644430081,5/8/2016,Sun,6724,4.889999866,0,0,295,991,2987
88,1644430081,5/9/2016,Mon,6643,4.829999924,32,6,303,1099,3008
89,1644430081,5/10/2016,Tue,9167,6.659999847,12,19,155,1254,2799
90,1644430081,5/11/2016,Wed,1329,0.970000029,0,0,49,713,1276
91,1844505072,4/12/2016,Tue,6697,4.429999828,0,0,339,1101,2030
92,1844505072,4/13/2016,Wed,4929,3.25999999,0,0,248,1192,1860
93,1844505072,4/14/2016,Thu,7937,5.25,0,0,373,843,2130
94,1844505072,4/15/2016,Fri,3844,2.539999962,0,0,176,527,1725
95,1844505072,4/16/2016,Sat,3414,2.25999999,0,0,147,1293,1657
96,1844505072,4/17/2016,Sun,4525,2.99000001,2,8,199,1231,1793
97,1844505072,4/18/2016,Mon,4597,3.039999962,0,12,217,1211,1814
98,1844505072,4/21/2016,Thu,8054,5.320000172,2,13,308,1117,2062
99,1844505072,4/22/2016,Fri,5372,3.549999952,0,0,220,1220,1827
100,1844505072,4/23/2016,Sat,3570,2.359999895,0,0,139,1301,1645
101,1844505072,4/28/2016,Thu,6907,4.570000172,0,0,302,1138,1992
102,1844505072,4/29/2016,Fri,4920,3.25,0,0,247,1082,1856
103,1844505072,4/30/2016,Sat,4014,2.670000076,0,0,184,218,1763
104,1844505072,5/1/2016,Sun,2573,1.700000048,0,7,75,585,1541
105,1844505072,5/3/2016,Tue,4059,2.680000067,0,0,184,1256,1742
106,1844505072,5/4/2016,Wed,2080,1.370000005,0,0,87,1353,1549
107,1844505072,5/5/2016,Thu,2237,1.480000019,0,0,120,1320,1589
108,1927972279,4/12/2016,Tue,678,0.469999999,0,0,55,734,2220
109,1927972279,4/14/2016,Thu,2163,1.5,0,9,88,1292,2383
110,1927972279,4/15/2016,Fri,980,0.680000007,0,0,51,941,2221
111,1927972279,4/23/2016,Sat,2945,2.039999962,0,0,145,1295,2499
112,1927972279,4/24/2016,Sun,2090,1.450000048,1,6,75,1358,2324
113,1927972279,4/26/2016,Tue,3761,2.599999905,0,0,192,1058,2638
114,1927972279,4/28/2016,Thu,1675,1.159999967,0,0,95,1167,2351
115,1927972279,5/1/2016,Sun,2704,1.870000005,14,1,70,1355,2411
116,1927972279,5/2/2016,Mon,3790,2.619999886,16,8,94,1322,2505
117,1927972279,5/3/2016,Tue,1326,0.920000017,10,0,17,1413,2195
118,1927972279,5/4/2016,Wed,1786,1.24000001,0,0,87,1353,2338
119,1927972279,5/6/2016,Fri,2091,1.450000048,0,0,108,1332,2383
120,1927972279,5/7/2016,Sat,1510,1.039999962,0,0,48,1392,2229
121,2022484408,4/12/2016,Tue,11875,8.340000153,42,14,227,1157,2390
122,2022484408,4/13/2016,Wed,12024,8.5,43,5,292,1100,2601
123,2022484408,4/14/2016,Thu,10690,7.5,32,3,257,1148,2312
124,2022484408,4/15/2016,Fri,11034,8.029999733,27,9,282,1122,2525
125,2022484408,4/16/2016,Sat,10100,7.090000153,41,11,151,1237,2177
126,2022484408,4/17/2016,Sun,15112,11.39999962,28,29,331,1052,2782
127,2022484408,4/18/2016,Mon,14131,10.06999969,48,3,311,1078,2770
128,2022484408,4/19/2016,Tue,11548,8.529999733,31,7,250,1152,2489
129,2022484408,4/20/2016,Wed,15112,10.67000008,48,63,276,1053,2897
130,2022484408,4/21/2016,Thu,12453,8.739999771,104,53,255,1028,3158
131,2022484408,4/22/2016,Fri,12954,9.329999924,52,10,273,1105,2638
132,2022484408,4/23/2016,Sat,6001,4.210000038,0,0,249,1191,2069
133,2022484408,4/24/2016,Sun,13481,10.27999973,37,26,216,1161,2529
134,2022484408,4/25/2016,Mon,11369,8.010000229,44,8,217,1171,2470
135,2022484408,4/26/2016,Tue,10119,7.190000057,55,24,275,1086,2793
136,2022484408,4/27/2016,Wed,10159,7.130000114,19,20,282,1119,2463
137,2022484408,4/28/2016,Thu,10140,7.119999886,6,20,291,1123,2296
138,2022484408,4/29/2016,Fri,10245,7.190000057,21,40,281,1098,2611
139,2022484408,4/30/2016,Sat,18387,12.90999985,13,23,361,1043,2732
140,2022484408,5/1/2016,Sun,10538,7.400000095,25,28,245,1142,2380
141,2022484408,5/2/2016,Mon,10379,7.289999962,36,8,277,1119,2473
142,2022484408,5/3/2016,Tue,12183,8.739999771,72,14,250,1104,2752
143,2022484408,5/4/2016,Wed,11768,8.289999962,36,27,272,1105,2649
144,2022484408,5/5/2016,Thu,11895,8.350000381,55,20,253,1112,2609
145,2022484408,5/6/2016,Fri,10227,7.179999828,24,17,295,1104,2498
146,2022484408,5/7/2016,Sat,6708,4.710000038,20,2,149,1269,1995
147,2022484408,5/8/2016,Sun,3292,2.309999943,0,0,135,1305,1848
148,2022484408,5/9/2016,Mon,13379,9.390000343,35,47,297,1061,2709
149,2022484408,5/10/2016,Tue,12798,8.979999542,57,28,271,1084,2797
150,2022484408,5/11/2016,Wed,13272,9.319999695,58,25,224,1133,2544
151,2022484408,5/12/2016,Thu,9117,6.409999847,16,16,236,728,1853
152,2026352035,4/12/2016,Tue,4414,2.74000001,3,8,181,706,1459
153,2026352035,4/13/2016,Wed,4993,3.099999905,0,0,238,663,1521
154,2026352035,4/14/2016,Thu,3335,2.069999933,0,0,197,653,1431
155,2026352035,4/15/2016,Fri,3821,2.369999886,0,0,188,687,1444
156,2026352035,4/16/2016,Sat,2547,1.580000043,0,0,150,728,1373
157,2026352035,4/17/2016,Sun,838,0.519999981,0,0,60,1053,1214
158,2026352035,4/18/2016,Mon,3325,2.059999943,0,0,182,1062,1419
159,2026352035,4/19/2016,Tue,2424,1.5,0,0,141,785,1356
160,2026352035,4/20/2016,Wed,7222,4.480000019,0,0,327,623,1667
161,2026352035,4/21/2016,Thu,2467,1.529999971,0,0,153,749,1370
162,2026352035,4/22/2016,Fri,2915,1.809999943,0,0,162,712,1399
163,2026352035,4/23/2016,Sat,12357,7.710000038,0,0,432,458,1916
164,2026352035,4/24/2016,Sun,3490,2.160000086,0,0,164,704,1401
165,2026352035,4/25/2016,Mon,6017,3.730000019,0,0,260,821,1576
166,2026352035,4/26/2016,Tue,5933,3.680000067,0,0,288,1018,1595
167,2026352035,4/27/2016,Wed,6088,3.769999981,0,0,286,586,1593
168,2026352035,4/28/2016,Thu,6375,3.950000048,0,0,331,626,1649
169,2026352035,4/29/2016,Fri,7604,4.710000038,0,0,352,492,1692
170,2026352035,4/30/2016,Sat,4729,2.930000067,0,0,233,594,1506
171,2026352035,5/1/2016,Sun,3609,2.279999971,0,0,191,716,1447
172,2026352035,5/2/2016,Mon,7018,4.349999905,0,0,355,716,1690
173,2026352035,5/3/2016,Tue,5992,3.720000029,0,0,304,981,1604
174,2026352035,5/4/2016,Wed,6564,4.070000172,0,0,345,530,1658
175,2026352035,5/5/2016,Thu,12167,7.539999962,0,0,475,479,1926
176,2026352035,5/6/2016,Fri,8198,5.079999924,0,0,383,511,1736
177,2026352035,5/7/2016,Sat,4193,2.599999905,0,0,229,665,1491
178,2026352035,5/8/2016,Sun,5528,3.450000048,0,0,258,610,1555
179,2026352035,5/9/2016,Mon,10685,6.619999886,0,0,401,543,1869
180,2026352035,5/11/2016,Wed,8580,5.320000172,0,0,330,569,1698
181,2026352035,5/12/2016,Thu,8891,5.510000229,0,0,343,330,1364
182,2320127002,4/12/2016,Tue,10725,7.489999771,13,9,306,1112,2124
183,2320127002,4/13/2016,Wed,7275,4.900000095,0,0,335,1105,2003
184,2320127002,4/14/2016,Thu,3973,2.680000067,0,0,191,1249,1696
185,2320127002,4/15/2016,Fri,5205,3.50999999,0,0,245,1195,1801
186,2320127002,4/16/2016,Sat,5057,3.410000086,0,0,195,1245,1724
187,2320127002,4/17/2016,Sun,6198,4.179999828,0,0,249,1191,1852
188,2320127002,4/18/2016,Mon,6559,4.420000076,0,7,260,1173,1905
189,2320127002,4/19/2016,Tue,5997,4.039999962,0,11,228,1201,1811
190,2320127002,4/20/2016,Wed,7192,4.849999905,0,11,283,1146,1922
191,2320127002,4/21/2016,Thu,3404,2.289999962,1,10,127,1302,1610
192,2320127002,4/22/2016,Fri,5583,3.75999999,0,0,266,1174,1851
193,2320127002,4/23/2016,Sat,5079,3.420000076,0,0,242,1129,1804
194,2320127002,4/24/2016,Sun,4165,2.809999943,0,0,204,1236,1725
195,2320127002,4/25/2016,Mon,3588,2.420000076,3,5,152,1280,1654
196,2320127002,4/26/2016,Tue,3409,2.299999952,0,0,147,1293,1632
197,2320127002,4/27/2016,Wed,1715,1.159999967,0,0,82,1358,1481
198,2320127002,4/28/2016,Thu,1532,1.029999971,0,0,76,1364,1473
199,2320127002,4/29/2016,Fri,924,0.620000005,0,0,45,1395,1410
200,2320127002,4/30/2016,Sat,4571,3.079999924,0,0,234,1206,1779
201,2320127002,5/1/2016,Sun,772,0.519999981,0,0,40,1400,1403
202,2320127002,5/2/2016,Mon,3634,2.450000048,5,6,123,1306,1613
203,2320127002,5/3/2016,Tue,7443,5.019999981,20,10,206,1204,1878
204,2320127002,5/4/2016,Wed,1201,0.810000002,0,0,52,1388,1426
205,2320127002,5/5/2016,Thu,5202,3.50999999,0,11,223,1206,1780
206,2320127002,5/6/2016,Fri,4878,3.289999962,0,0,204,1236,1742
207,2320127002,5/7/2016,Sat,7379,4.96999979,0,0,319,1121,1972
208,2320127002,5/8/2016,Sun,5161,3.480000019,0,0,247,1193,1821
209,2320127002,5/9/2016,Mon,3090,2.079999924,0,0,145,1295,1630
210,2320127002,5/10/2016,Tue,6227,4.199999809,0,0,290,1150,1899
211,2320127002,5/11/2016,Wed,6424,4.329999924,0,0,300,1140,1903
212,2320127002,5/12/2016,Thu,2661,1.789999962,0,0,128,830,1125
213,2347167796,4/12/2016,Tue,10113,6.829999924,28,13,320,964,2344
214,2347167796,4/13/2016,Wed,10352,7.010000229,19,32,195,676,2038
215,2347167796,4/14/2016,Thu,10129,6.699999809,1,48,206,705,2010
216,2347167796,4/15/2016,Fri,10465,6.920000076,1,24,284,720,2133
217,2347167796,4/16/2016,Sat,22244,15.07999992,66,72,268,968,2670
218,2347167796,4/17/2016,Sun,5472,3.619999886,1,7,249,508,1882
219,2347167796,4/18/2016,Mon,8247,5.449999809,11,16,206,678,1944
220,2347167796,4/19/2016,Tue,6711,4.440000057,0,7,382,648,2346
221,2347167796,4/20/2016,Wed,10999,7.269999981,11,43,269,1011,2198
222,2347167796,4/21/2016,Thu,10080,6.75,23,26,208,761,2048
223,2347167796,4/22/2016,Fri,7804,5.159999847,9,27,206,781,1946
224,2347167796,4/23/2016,Sat,16901,11.36999989,32,35,360,591,2629
225,2347167796,4/24/2016,Sun,9471,6.260000229,0,0,360,584,2187
226,2347167796,4/25/2016,Mon,9482,6.380000114,15,11,277,653,2095
227,2347167796,4/26/2016,Tue,5980,3.950000048,0,0,227,732,1861
228,2347167796,4/27/2016,Wed,11423,7.579999924,26,9,295,623,2194
229,2347167796,4/28/2016,Thu,5439,3.599999905,0,0,229,764,1854
230,2873212765,4/12/2016,Tue,8796,5.909999847,2,21,356,1061,1982
231,2873212765,4/13/2016,Wed,7618,5.119999886,0,8,404,1028,2004
232,2873212765,4/14/2016,Thu,7910,5.320000172,0,0,331,1109,1893
233,2873212765,4/15/2016,Fri,8482,5.699999809,0,0,448,992,2063
234,2873212765,4/16/2016,Sat,9685,6.650000095,47,1,305,1087,2148
235,2873212765,4/17/2016,Sun,2524,1.700000048,0,8,160,1272,1529
236,2873212765,4/18/2016,Mon,7762,5.239999771,1,6,311,1122,1890
237,2873212765,4/19/2016,Tue,7948,5.369999886,0,0,389,1051,1956
238,2873212765,4/20/2016,Wed,9202,6.300000191,22,5,378,1035,2094
239,2873212765,4/21/2016,Thu,8859,5.980000019,2,10,371,1057,1970
240,2873212765,4/22/2016,Fri,7286,4.900000095,46,0,366,1028,2241
241,2873212765,4/23/2016,Sat,9317,6.349999905,28,5,330,1077,2021
242,2873212765,4/24/2016,Sun,6873,4.679999828,46,1,190,1203,1898
243,2873212765,4/25/2016,Mon,7373,4.949999809,0,0,359,1081,1907
244,2873212765,4/26/2016,Tue,8242,5.539999962,2,5,309,1124,1882
245,2873212765,4/27/2016,Wed,3516,2.359999895,46,0,197,1197,1966
246,2873212765,4/28/2016,Thu,7913,5.409999847,28,7,213,1192,1835
247,2873212765,4/29/2016,Fri,7365,4.949999809,20,23,206,1191,1780
248,2873212765,4/30/2016,Sat,8452,5.679999828,5,20,248,1167,1830
249,2873212765,5/1/2016,Sun,7399,4.96999979,7,18,196,1219,1739
250,2873212765,5/2/2016,Mon,7525,5.059999943,0,7,334,1099,1878
251,2873212765,5/3/2016,Tue,7412,4.980000019,1,6,363,1070,1906
252,2873212765,5/4/2016,Wed,8278,5.559999943,0,0,420,1020,2015
253,2873212765,5/5/2016,Thu,8314,5.610000134,13,23,311,1093,1971
254,2873212765,5/6/2016,Fri,7063,4.75,0,5,370,1065,1910
255,2873212765,5/7/2016,Sat,4940,3.380000114,75,11,52,1302,1897
256,2873212765,5/8/2016,Sun,8168,5.539999962,46,0,326,1068,2096
257,2873212765,5/9/2016,Mon,7726,5.190000057,0,0,345,1095,1906
258,2873212765,5/10/2016,Tue,8275,5.559999943,0,0,373,1067,1962
259,2873212765,5/11/2016,Wed,6440,4.329999924,0,0,319,1121,1826
260,2873212765,5/12/2016,Thu,7566,5.110000134,0,0,268,720,1431
261,3372868164,4/12/2016,Tue,4747,3.24000001,0,0,280,1160,1788
262,3372868164,4/13/2016,Wed,9715,6.630000114,16,8,371,1045,2093
263,3372868164,4/14/2016,Thu,8844,6.03000021,6,25,370,1039,2065
264,3372868164,4/15/2016,Fri,7451,5.079999924,0,0,335,1105,1908
265,3372868164,4/16/2016,Sat,6905,4.730000019,0,0,356,1084,1908
266,3372868164,4/17/2016,Sun,8199,5.880000114,11,2,322,1105,1964
267,3372868164,4/18/2016,Mon,6798,4.639999866,20,7,343,1070,2014
268,3372868164,4/19/2016,Tue,7711,5.260000229,0,0,376,1064,1985
269,3372868164,4/20/2016,Wed,4880,3.329999924,15,3,274,1148,1867
270,3372868164,4/21/2016,Thu,8857,6.070000172,18,9,376,1037,2124
271,3372868164,4/22/2016,Fri,3843,2.619999886,0,0,206,1234,1669
272,3372868164,4/23/2016,Sat,7396,5.070000172,20,2,303,1115,1995
273,3372868164,4/24/2016,Sun,6731,4.590000153,14,7,292,1127,1921
274,3372868164,4/25/2016,Mon,5995,4.090000153,0,0,416,1024,2010
275,3372868164,4/26/2016,Tue,8283,5.789999962,22,2,333,1083,2057
276,3372868164,4/27/2016,Wed,7904,5.420000076,24,13,346,1057,2095
277,3372868164,4/28/2016,Thu,5512,3.75999999,0,0,385,1055,1972
278,3372868164,4/29/2016,Fri,9135,6.230000019,0,0,402,1038,2044
279,3372868164,4/30/2016,Sat,5250,3.579999924,17,4,300,1119,1946
280,3372868164,5/1/2016,Sun,3077,2.099999905,0,0,172,842,1237
281,3977333714,4/12/2016,Tue,8856,5.980000019,44,19,131,777,1450
282,3977333714,4/13/2016,Wed,10035,6.710000038,31,46,153,754,1495
283,3977333714,4/14/2016,Thu,7641,5.110000134,5,23,214,801,1433
284,3977333714,4/15/2016,Fri,9010,6.059999943,15,42,183,644,1468
285,3977333714,4/16/2016,Sat,13459,9.0,31,83,153,663,1625
286,3977333714,4/17/2016,Sun,10415,6.96999979,11,58,205,600,1529
287,3977333714,4/18/2016,Mon,11663,7.800000191,4,95,214,605,1584
288,3977333714,4/19/2016,Tue,12414,8.779999733,19,67,221,738,1638
289,3977333714,4/20/2016,Wed,11658,7.829999924,2,98,164,845,1554
290,3977333714,4/21/2016,Thu,6093,4.079999924,0,0,242,712,1397
291,3977333714,4/22/2016,Fri,8911,5.960000038,33,12,188,731,1481
292,3977333714,4/23/2016,Sat,12058,8.069999695,0,92,252,724,1638
293,3977333714,4/24/2016,Sun,14112,10.0,30,95,129,660,1655
294,3977333714,4/25/2016,Mon,11177,8.479999542,50,9,133,781,1570
295,3977333714,4/26/2016,Tue,11388,7.619999886,7,95,170,797,1551
296,3977333714,4/27/2016,Wed,7193,5.039999962,0,10,176,714,1377
297,3977333714,4/28/2016,Thu,7114,4.880000114,15,8,190,804,1407
298,3977333714,4/29/2016,Fri,10645,7.75,36,32,150,744,1545
299,3977333714,4/30/2016,Sat,13238,9.199999809,43,52,194,687,1650
300,3977333714,5/1/2016,Sun,10414,7.070000172,41,40,124,691,1501
301,3977333714,5/2/2016,Mon,16520,11.05000019,24,143,176,713,1760
302,3977333714,5/3/2016,Tue,14335,9.590000153,47,41,258,594,1710
303,3977333714,5/4/2016,Wed,13559,9.43999958,14,96,142,852,1628
304,3977333714,5/5/2016,Thu,12312,8.579999924,14,88,178,680,1618
305,3977333714,5/6/2016,Fri,11677,8.279999733,29,55,168,676,1590
306,3977333714,5/7/2016,Sat,11550,7.730000019,0,86,208,703,1574
307,3977333714,5/8/2016,Sun,13585,9.090000153,9,116,171,688,1633
308,3977333714,5/9/2016,Mon,14687,10.07999992,8,122,151,1159,1667
309,3977333714,5/10/2016,Tue,13072,8.779999733,1,115,196,676,1630
310,3977333714,5/11/2016,Wed,746,0.5,4,0,9,13,52
311,4020332650,4/12/2016,Tue,8539,6.119999886,4,15,331,712,3654
312,4020332650,4/15/2016,Fri,1882,1.350000024,36,18,87,1299,2951
313,4020332650,4/16/2016,Sat,1982,1.419999957,65,21,55,1222,3051
314,4020332650,5/3/2016,Tue,4496,3.220000029,0,0,174,950,2828
315,4020332650,5/4/2016,Wed,10252,7.349999905,13,46,346,531,3879
316,4020332650,5/5/2016,Thu,11728,8.430000305,38,42,196,916,3429
317,4020332650,5/6/2016,Fri,4369,3.130000114,0,0,177,855,2704
318,4020332650,5/7/2016,Sat,6132,4.400000095,0,0,184,1256,2975
319,4020332650,5/8/2016,Sun,5862,4.199999809,0,0,263,775,3089
320,4020332650,5/9/2016,Mon,4556,3.269999981,3,5,173,1225,2785
321,4020332650,5/10/2016,Tue,5546,3.980000019,0,0,206,774,2926
322,4020332650,5/11/2016,Wed,3689,2.650000095,2,8,134,1296,2645
323,4020332650,5/12/2016,Thu,590,0.419999987,0,0,21,721,1120
324,4057192912,4/12/2016,Tue,5394,4.03000021,0,0,164,1276,2286
325,4057192912,4/13/2016,Wed,5974,4.46999979,0,0,160,1280,2306
326,4057192912,4/15/2016,Fri,3984,2.950000048,3,6,88,873,1527
327,4319703577,4/12/2016,Tue,7753,5.199999809,0,0,0,1440,2115
328,4319703577,4/13/2016,Wed,8204,5.5,8,15,96,1234,2135
329,4319703577,4/14/2016,Thu,10210,6.880000114,1,9,339,589,2302
330,4319703577,4/15/2016,Fri,5664,3.799999952,0,0,228,752,1985
331,4319703577,4/16/2016,Sat,4744,3.180000067,0,0,194,724,1884
332,4319703577,4/18/2016,Mon,2276,1.549999952,1,9,58,824,1632
333,4319703577,4/19/2016,Tue,8925,5.989999771,0,0,311,604,2200
334,4319703577,4/20/2016,Wed,8954,6.010000229,0,18,306,671,2220
335,4319703577,4/21/2016,Thu,3702,2.480000019,0,0,34,1265,1792
336,4319703577,4/22/2016,Fri,4500,3.019999981,1,19,176,709,1886
337,4319703577,4/23/2016,Sat,4935,3.309999943,0,0,233,546,1945
338,4319703577,4/24/2016,Sun,4081,2.74000001,1,5,191,692,1880
339,4319703577,4/25/2016,Mon,9259,6.210000038,0,8,390,544,2314
340,4319703577,4/26/2016,Tue,9899,6.639999866,8,21,288,649,2236
341,4319703577,4/27/2016,Wed,10780,7.230000019,6,47,300,680,2324
342,4319703577,4/28/2016,Thu,10817,7.28000021,13,8,359,552,2367
343,4319703577,4/29/2016,Fri,7990,5.360000134,6,18,289,624,2175
344,4319703577,4/30/2016,Sat,8221,5.519999981,6,38,196,695,2092
345,4319703577,5/1/2016,Sun,1251,0.839999974,0,0,67,836,1593
346,4319703577,5/2/2016,Mon,9261,6.239999771,0,11,344,585,2270
347,4319703577,5/3/2016,Tue,9648,6.46999979,8,26,287,669,2235
348,4319703577,5/4/2016,Wed,10429,7.019999981,8,13,313,1106,2282
349,4319703577,5/5/2016,Thu,13658,9.489999771,27,34,328,957,2530
350,4319703577,5/6/2016,Fri,9524,6.420000076,6,11,314,692,2266
351,4319703577,5/7/2016,Sat,7937,5.329999924,3,28,279,586,2158
352,4319703577,5/8/2016,Sun,3672,2.460000038,0,0,153,603,1792
353,4319703577,5/9/2016,Mon,10378,6.960000038,2,14,374,490,2345
354,4319703577,5/10/2016,Tue,9487,6.369999886,3,12,329,555,2260
355,4319703577,5/11/2016,Wed,9129,6.130000114,3,18,311,574,2232
356,4388161847,4/12/2016,Tue,10122,7.78000021,0,0,0,1440,2955
357,4388161847,4/13/2016,Wed,10993,8.449999809,1,14,150,1275,3092
358,4388161847,4/14/2016,Thu,8863,6.820000172,10,35,219,945,2998
359,4388161847,4/15/2016,Fri,8758,6.730000019,0,0,299,837,3066
360,4388161847,4/16/2016,Sat,6580,5.059999943,6,9,253,609,3073
361,4388161847,4/17/2016,Sun,4660,3.579999924,0,0,201,721,2572
362,4388161847,4/18/2016,Mon,11009,9.100000381,27,8,239,1017,3274
363,4388161847,4/19/2016,Tue,10181,7.829999924,20,16,249,704,3015
364,4388161847,4/20/2016,Wed,10553,8.119999886,19,42,228,696,3083
365,4388161847,4/21/2016,Thu,10055,7.730000019,7,12,272,853,3069
366,4388161847,4/22/2016,Fri,12139,9.340000153,77,25,220,945,3544
367,4388161847,4/23/2016,Sat,13236,10.18000031,58,5,215,749,3306
368,4388161847,4/24/2016,Sun,10243,7.880000114,14,8,239,584,2885
369,4388161847,4/25/2016,Mon,12961,9.970000267,11,31,301,1054,3288
370,4388161847,4/26/2016,Tue,9461,7.28000021,14,23,224,673,2929
371,4388161847,4/27/2016,Wed,11193,8.609999657,11,48,241,684,3074
372,4388161847,4/28/2016,Thu,10074,7.75,19,9,234,878,2969
373,4388161847,4/29/2016,Fri,9232,7.099999905,13,16,236,1175,2979
374,4388161847,4/30/2016,Sat,12533,9.640000343,14,43,300,537,3283
375,4388161847,5/1/2016,Sun,10255,7.889999866,12,15,241,579,2926
376,4388161847,5/2/2016,Mon,10096,8.399999619,33,4,204,935,3147
377,4388161847,5/3/2016,Tue,12727,9.789999962,18,18,306,984,3290
378,4388161847,5/4/2016,Wed,12375,9.520000458,35,21,251,632,3162
379,4388161847,5/5/2016,Thu,9603,7.380000114,12,39,199,896,2899
380,4388161847,5/6/2016,Fri,13175,10.13000011,33,45,262,1100,3425
381,4388161847,5/7/2016,Sat,22770,17.54000092,120,56,260,508,4022
382,4388161847,5/8/2016,Sun,17298,14.38000011,107,38,178,576,3934
383,4388161847,5/9/2016,Mon,10218,7.860000134,6,19,258,1020,3013
384,4388161847,5/10/2016,Tue,10299,7.920000076,13,14,267,648,3061
385,4388161847,5/11/2016,Wed,10201,7.840000153,8,18,256,858,2954
386,4388161847,5/12/2016,Thu,3369,2.589999914,0,0,108,825,1623
387,4445114986,4/12/2016,Tue,3276,2.200000048,0,0,196,787,2113
388,4445114986,4/13/2016,Wed,2961,1.99000001,0,0,194,840,2095
389,4445114986,4/14/2016,Thu,3974,2.670000076,0,0,231,717,2194
390,4445114986,4/15/2016,Fri,7198,4.829999924,0,0,350,711,2496
391,4445114986,4/16/2016,Sat,3945,2.650000095,0,0,225,716,2180
392,4445114986,4/17/2016,Sun,2268,1.519999981,0,0,114,1219,1933
393,4445114986,4/18/2016,Mon,6155,4.239999771,25,6,162,1247,2248
394,4445114986,4/19/2016,Tue,2064,1.389999986,0,0,121,895,1954
395,4445114986,4/20/2016,Wed,2072,1.389999986,0,0,137,841,1974
396,4445114986,4/21/2016,Thu,3809,2.559999943,0,0,215,756,2150
397,4445114986,4/22/2016,Fri,6831,4.579999924,0,0,317,706,2432
398,4445114986,4/23/2016,Sat,4363,2.930000067,0,0,201,1239,2149
399,4445114986,4/24/2016,Sun,5002,3.359999895,0,0,244,1196,2247
400,4445114986,4/25/2016,Mon,3385,2.269999981,0,0,179,916,2070
401,4445114986,4/26/2016,Tue,6326,4.409999847,29,1,180,839,2291
402,4445114986,4/27/2016,Wed,7243,5.03000021,32,1,194,839,2361
403,4445114986,4/28/2016,Thu,4493,3.00999999,0,0,236,762,2203
404,4445114986,4/29/2016,Fri,4676,3.140000105,0,0,226,1106,2196
405,4445114986,4/30/2016,Sat,6222,4.179999828,0,0,290,797,2363
406,4445114986,5/1/2016,Sun,5232,3.50999999,0,0,240,741,2246
407,4445114986,5/2/2016,Mon,6910,4.75,27,4,200,667,2336
408,4445114986,5/3/2016,Tue,7502,5.179999828,30,2,233,725,2421
409,4445114986,5/4/2016,Wed,2923,1.960000038,0,0,180,897,2070
410,4445114986,5/5/2016,Thu,3800,2.549999952,2,6,185,734,2120
411,4445114986,5/6/2016,Fri,4514,3.029999971,0,0,229,809,2211
412,4445114986,5/7/2016,Sat,5183,3.589999914,26,4,108,866,2123
413,4445114986,5/8/2016,Sun,7303,4.900000095,0,8,308,733,2423
414,4445114986,5/9/2016,Mon,5275,3.539999962,0,0,266,641,2281
415,4445114986,5/10/2016,Tue,3915,2.630000114,0,0,231,783,2181
416,4445114986,5/11/2016,Wed,9105,6.110000134,34,22,232,622,2499
417,4445114986,5/12/2016,Thu,768,0.519999981,0,0,58,380,1212
418,4558609924,4/12/2016,Tue,5135,3.390000105,0,0,318,1122,1909
419,4558609924,4/13/2016,Wed,4978,3.289999962,19,7,127,1287,1722
420,4558609924,4/14/2016,Thu,6799,4.489999771,0,0,279,1161,1922
421,4558609924,4/15/2016,Fri,7795,5.150000095,17,30,262,1131,2121
422,4558609924,4/16/2016,Sat,7289,4.820000172,8,12,308,1112,1997
423,4558609924,4/17/2016,Sun,9634,6.400000095,7,19,304,1110,2117
424,4558609924,4/18/2016,Mon,8940,5.909999847,14,15,331,1080,2116
425,4558609924,4/19/2016,Tue,5401,3.569999933,1,9,248,1182,1876
426,4558609924,4/20/2016,Wed,4803,3.170000076,0,0,222,1218,1788
427,4558609924,4/21/2016,Thu,13743,9.079999924,6,21,432,844,2486
428,4558609924,4/22/2016,Fri,9601,6.349999905,20,25,273,1122,2094
429,4558609924,4/23/2016,Sat,6890,4.550000191,5,5,308,1122,2085
430,4558609924,4/24/2016,Sun,8563,5.659999847,0,0,395,1045,2173
431,4558609924,4/25/2016,Mon,8095,5.349999905,18,10,340,993,2225
432,4558609924,4/26/2016,Tue,9148,6.050000191,12,41,283,1062,2223
433,4558609924,4/27/2016,Wed,9557,6.320000172,27,14,312,1087,2098
434,4558609924,4/28/2016,Thu,9451,6.25,1,11,367,985,2185
435,4558609924,4/29/2016,Fri,7833,5.179999828,15,29,197,1096,1918
436,4558609924,4/30/2016,Sat,10319,6.820000172,7,29,293,1111,2105
437,4558609924,5/1/2016,Sun,3428,2.269999981,0,0,190,1121,1692
438,4558609924,5/2/2016,Mon,7891,5.21999979,0,0,383,1057,2066
439,4558609924,5/3/2016,Tue,5267,3.480000019,21,10,237,1172,1953
440,4558609924,5/4/2016,Wed,5232,3.460000038,0,0,252,1188,1842
441,4558609924,5/5/2016,Thu,10611,7.010000229,14,8,370,1048,2262
442,4558609924,5/6/2016,Fri,3755,2.480000019,0,0,202,1238,1722
443,4558609924,5/7/2016,Sat,8237,5.440000057,23,16,233,1116,1973
444,4558609924,5/8/2016,Sun,6543,4.329999924,66,35,238,1019,2666
445,4558609924,5/9/2016,Mon,11451,7.570000172,6,30,339,1065,2223
446,4558609924,5/10/2016,Tue,6435,4.25,11,18,220,1191,1889
447,4558609924,5/11/2016,Wed,9108,6.019999981,4,31,324,1081,2131
448,4558609924,5/12/2016,Thu,6307,4.170000076,0,0,247,736,1452
449,4702921684,4/12/2016,Tue,7213,5.880000114,0,0,263,718,2947
450,4702921684,4/13/2016,Wed,6877,5.579999924,0,0,258,777,2898
451,4702921684,4/14/2016,Thu,7860,6.369999886,0,0,271,772,2984
452,4702921684,4/15/2016,Fri,6506,5.28000021,1,8,256,944,2896
453,4702921684,4/16/2016,Sat,11140,9.029999733,3,24,335,556,3328
454,4702921684,4/17/2016,Sun,12692,10.28999996,12,66,302,437,3394
455,4702921684,4/18/2016,Mon,9105,7.380000114,22,30,191,890,3013
456,4702921684,4/19/2016,Tue,6708,5.440000057,10,8,179,757,2812
457,4702921684,4/20/2016,Wed,8793,7.130000114,2,29,260,717,3061
458,4702921684,4/21/2016,Thu,6530,5.300000191,4,41,144,901,2729
459,4702921684,4/22/2016,Fri,1664,1.350000024,0,0,72,1341,2241
460,4702921684,4/23/2016,Sat,15126,12.27000046,9,66,408,469,3691
461,4702921684,4/24/2016,Sun,15050,12.22000027,15,95,281,542,3538
462,4702921684,4/25/2016,Mon,9167,7.429999828,6,15,270,730,3064
463,4702921684,4/26/2016,Tue,6108,4.949999809,1,8,216,765,2784
464,4702921684,4/27/2016,Wed,7047,5.71999979,1,16,238,733,2908
465,4702921684,4/28/2016,Thu,9023,7.320000172,14,9,232,738,3033
466,4702921684,4/29/2016,Fri,9930,8.050000191,12,19,267,692,3165
467,4702921684,4/30/2016,Sat,10144,8.229999542,4,36,263,728,3115
468,4702921684,5/2/2016,Mon,7245,5.920000076,5,40,195,1131,2859
469,4702921684,5/3/2016,Tue,9454,7.670000076,0,0,313,729,3145
470,4702921684,5/4/2016,Wed,8161,6.619999886,4,15,251,757,3004
471,4702921684,5/5/2016,Thu,8614,6.989999771,8,5,241,745,3006
472,4702921684,5/6/2016,Fri,6943,5.630000114,1,16,207,682,2859
473,4702921684,5/7/2016,Sat,14370,11.64999962,5,46,439,577,3683
474,4702921684,5/8/2016,Sun,12857,10.43000031,9,125,192,1019,3287
475,4702921684,5/9/2016,Mon,8232,6.679999828,0,12,253,746,2990
476,4702921684,5/10/2016,Tue,10613,8.609999657,1,37,262,701,3172
477,4702921684,5/11/2016,Wed,9810,7.960000038,10,41,235,784,3069
478,4702921684,5/12/2016,Thu,2752,2.230000019,0,0,68,241,1240
479,5553957443,4/12/2016,Tue,11596,7.570000172,19,13,277,767,2026
480,5553957443,4/13/2016,Wed,4832,3.160000086,0,0,226,647,1718
481,5553957443,4/14/2016,Thu,17022,11.11999989,61,41,256,693,2324
482,5553957443,4/15/2016,Fri,16556,10.85999966,58,38,239,689,2254
483,5553957443,4/16/2016,Sat,5771,3.769999981,0,0,288,521,1831
484,5553957443,4/17/2016,Sun,655,0.430000007,0,0,46,943,1397
485,5553957443,4/18/2016,Mon,3727,2.430000067,0,0,206,622,1683
486,5553957443,4/19/2016,Tue,15482,10.10999966,69,28,249,756,2284
487,5553957443,4/20/2016,Wed,2713,1.769999981,0,0,148,598,1570
488,5553957443,4/21/2016,Thu,12346,8.06000042,47,42,177,801,2066
489,5553957443,4/22/2016,Fri,11682,7.630000114,25,16,270,781,2105
490,5553957443,4/23/2016,Sat,4112,2.690000057,0,0,272,443,1776
491,5553957443,4/24/2016,Sun,1807,1.179999948,0,0,104,582,1507
492,5553957443,4/25/2016,Mon,10946,7.190000057,51,11,201,732,2033
493,5553957443,4/26/2016,Tue,11886,7.760000229,40,18,238,750,2093
494,5553957443,4/27/2016,Wed,10538,6.880000114,16,16,206,745,1922
495,5553957443,4/28/2016,Thu,11393,7.630000114,49,13,165,727,1999
496,5553957443,4/29/2016,Fri,12764,8.329999924,46,15,270,709,2169
497,5553957443,4/30/2016,Sat,1202,0.779999971,0,0,84,506,1463
498,5553957443,5/1/2016,Sun,5164,3.369999886,0,0,237,436,1747
499,5553957443,5/2/2016,Mon,9769,6.380000114,23,9,227,724,1996
500,5553957443,5/3/2016,Tue,12848,8.390000343,26,29,247,812,2116
501,5553957443,5/4/2016,Wed,4249,2.769999981,0,0,224,651,1698
502,5553957443,5/5/2016,Thu,14331,9.510000229,44,29,241,692,2156
503,5553957443,5/6/2016,Fri,9632,6.289999962,21,9,229,761,1916
504,5553957443,5/7/2016,Sat,1868,1.220000029,0,0,96,902,1494
505,5553957443,5/8/2016,Sun,6083,4.0,3,8,210,505,1762
506,5553957443,5/9/2016,Mon,11611,7.579999924,59,22,251,667,2272
507,5553957443,5/10/2016,Tue,16358,10.71000004,61,40,265,707,2335
508,5553957443,5/11/2016,Wed,4926,3.220000029,0,0,195,628,1693
509,5553957443,5/12/2016,Thu,3121,2.039999962,8,6,48,222,741
510,5577150313,4/12/2016,Tue,8135,6.079999924,86,16,140,728,3405
511,5577150313,4/13/2016,Wed,5077,3.789999962,15,11,144,776,2551
512,5577150313,4/14/2016,Thu,8596,6.420000076,118,30,176,662,4022
513,5577150313,4/15/2016,Fri,12087,9.079999924,115,54,199,695,4005
514,5577150313,4/16/2016,Sat,14269,10.65999985,184,56,158,472,4274
515,5577150313,4/17/2016,Sun,12231,9.140000343,200,37,159,525,4552
516,5577150313,4/18/2016,Mon,9893,7.389999866,114,32,130,623,3625
517,5577150313,4/19/2016,Tue,12574,9.420000076,108,23,111,733,3501
518,5577150313,4/20/2016,Wed,8330,6.21999979,87,16,113,773,3192
519,5577150313,4/21/2016,Thu,10830,8.090000153,110,74,175,670,4018
520,5577150313,4/22/2016,Fri,9172,6.849999905,62,30,200,823,3329
521,5577150313,4/23/2016,Sat,7638,5.710000038,24,24,223,627,3152
522,5577150313,4/24/2016,Sun,15764,11.77999973,210,65,141,425,4392
523,5577150313,4/25/2016,Mon,6393,4.78000021,61,38,214,743,3374
524,5577150313,4/26/2016,Tue,5325,3.980000019,38,32,181,759,3088
525,5577150313,4/27/2016,Wed,6805,5.139999866,63,16,190,773,3294
526,5577150313,4/28/2016,Thu,9841,7.429999828,99,51,141,692,3580
527,5577150313,4/29/2016,Fri,7924,5.920000076,97,36,165,739,3544
528,5577150313,4/30/2016,Sat,12363,9.239999771,207,45,163,621,4501
529,5577150313,5/1/2016,Sun,13368,9.989999771,194,72,178,499,4546
530,5577150313,5/2/2016,Mon,7439,5.559999943,37,20,235,732,3014
531,5577150313,5/3/2016,Tue,11045,8.25,97,8,212,580,3795
532,5577150313,5/4/2016,Wed,5206,3.890000105,25,9,141,631,2755
533,5577150313,5/5/2016,Thu,7550,5.639999866,45,21,143,1153,3004
534,5577150313,5/6/2016,Fri,4950,3.700000048,41,16,79,1304,2643
535,5577150313,5/9/2016,Mon,3421,2.559999943,34,11,70,1099,2489
536,5577150313,5/10/2016,Tue,8869,6.650000095,104,37,194,639,3841
537,5577150313,5/11/2016,Wed,4038,3.039999962,45,15,63,257,1665
538,6117666160,4/15/2016,Fri,14019,10.59000015,0,6,513,921,2865
539,6117666160,4/16/2016,Sat,14450,10.90999985,7,15,518,502,2828
540,6117666160,4/17/2016,Sun,7150,5.400000095,0,0,312,702,2225
541,6117666160,4/18/2016,Mon,5153,3.910000086,0,0,241,759,2018
542,6117666160,4/19/2016,Tue,11135,8.409999847,0,0,480,425,2606
543,6117666160,4/20/2016,Wed,10449,8.020000458,26,10,349,587,2536
544,6117666160,4/21/2016,Thu,19542,15.01000023,11,19,294,579,4900
545,6117666160,4/22/2016,Fri,8206,6.199999809,0,0,402,413,2409
546,6117666160,4/23/2016,Sat,11495,8.680000305,0,0,512,468,2651
547,6117666160,4/24/2016,Sun,7623,5.760000229,0,0,362,711,2305
548,6117666160,4/26/2016,Tue,9543,7.210000038,0,7,352,1077,2450
549,6117666160,4/27/2016,Wed,9411,7.110000134,0,0,458,417,2576
550,6117666160,4/28/2016,Thu,3403,2.599999905,0,0,141,758,1879
551,6117666160,4/29/2016,Fri,9592,7.239999771,0,0,461,479,2560
552,6117666160,4/30/2016,Sat,6987,5.28000021,0,0,343,1040,2275
553,6117666160,5/1/2016,Sun,8915,6.730000019,0,0,397,525,2361
554,6117666160,5/2/2016,Mon,4933,3.730000019,0,0,236,1204,2044
555,6117666160,5/4/2016,Wed,2997,2.25999999,0,0,156,1279,1902
556,6117666160,5/5/2016,Thu,9799,7.400000095,0,0,487,479,2636
557,6117666160,5/6/2016,Fri,3365,2.680000067,0,0,133,673,1838
558,6117666160,5/7/2016,Sat,7336,5.539999962,0,0,412,456,2469
559,6117666160,5/8/2016,Sun,7328,5.53000021,0,0,318,517,2250
560,6117666160,5/9/2016,Mon,4477,3.380000114,0,0,197,125,1248
561,6290855005,4/12/2016,Tue,4562,3.450000048,0,0,199,1241,2560
562,6290855005,4/13/2016,Wed,7142,5.400000095,0,0,350,1090,2905
563,6290855005,4/14/2016,Thu,7671,5.800000191,0,0,363,1077,2952
564,6290855005,4/15/2016,Fri,9501,7.179999828,0,0,328,1112,2896
565,6290855005,4/16/2016,Sat,8301,6.28000021,0,0,258,1182,2783
566,6290855005,4/17/2016,Sun,7851,5.940000057,31,12,225,1172,3171
567,6290855005,4/18/2016,Mon,6885,5.210000038,0,0,271,1169,2766
568,6290855005,4/19/2016,Tue,7142,5.400000095,0,0,321,1119,2839
569,6290855005,4/20/2016,Wed,6361,4.809999943,0,0,258,1182,2701
570,6290855005,4/22/2016,Fri,6238,4.71999979,0,0,302,1138,2796
571,6290855005,4/24/2016,Sun,5896,4.460000038,0,0,258,1182,2703
572,6290855005,4/25/2016,Mon,7802,5.900000095,8,3,249,1180,2771
573,6290855005,4/27/2016,Wed,5565,4.210000038,0,0,287,1153,2743
574,6290855005,4/28/2016,Thu,5731,4.329999924,0,0,255,1185,2687
575,6290855005,4/30/2016,Sat,6744,5.099999905,0,0,324,1116,2843
576,6290855005,5/1/2016,Sun,9837,7.440000057,8,95,282,1055,3327
577,6290855005,5/2/2016,Mon,6781,5.130000114,0,0,268,1172,2725
578,6290855005,5/3/2016,Tue,6047,4.570000172,0,0,240,1200,2671
579,6290855005,5/4/2016,Wed,5832,4.409999847,0,0,272,1168,2718
580,6290855005,5/5/2016,Thu,6339,4.789999962,0,0,239,1201,2682
581,6290855005,5/6/2016,Fri,6116,4.619999886,0,0,305,1135,2806
582,6290855005,5/7/2016,Sat,5510,4.170000076,0,0,227,1213,2613
583,6290855005,5/8/2016,Sun,7706,5.829999924,0,0,251,1189,2712
584,6290855005,5/9/2016,Mon,6277,4.75,0,0,264,800,2175
585,6775888955,4/13/2016,Wed,4053,2.910000086,17,18,85,1053,2400
586,6775888955,4/14/2016,Thu,5162,3.700000048,14,24,105,863,2507
587,6775888955,4/15/2016,Fri,1282,0.920000017,0,0,58,976,2127
588,6775888955,4/16/2016,Sat,4732,3.390000105,36,18,9,1377,2225
589,6775888955,4/17/2016,Sun,2497,1.789999962,5,24,19,1392,2067
590,6775888955,4/18/2016,Mon,8294,5.949999809,30,31,146,1233,2798
591,6775888955,4/20/2016,Wed,10771,7.71999979,70,113,178,1079,3727
592,6775888955,4/22/2016,Fri,637,0.460000008,0,0,20,1420,1922
593,6775888955,4/24/2016,Sun,2153,1.539999962,11,18,11,1400,2053
594,6775888955,4/25/2016,Mon,6474,4.639999866,33,13,92,1302,2484
595,6775888955,4/26/2016,Tue,7091,5.269999981,42,30,47,1321,2584
596,6775888955,4/28/2016,Thu,703,0.5,2,13,15,1410,1993
597,6775888955,4/30/2016,Sat,2503,1.789999962,3,9,84,1344,2280
598,6775888955,5/1/2016,Sun,2487,1.779999971,9,34,50,1347,2319
599,6775888955,5/6/2016,Fri,4697,3.369999886,12,35,75,1318,2496
600,6775888955,5/7/2016,Sat,1967,1.409999967,2,5,49,551,1032
601,6962181067,4/12/2016,Tue,10199,6.739999771,50,14,189,796,1994
602,6962181067,4/13/2016,Wed,5652,3.74000001,8,24,142,548,1718
603,6962181067,4/14/2016,Thu,1551,1.029999971,0,0,86,862,1466
604,6962181067,4/15/2016,Fri,5563,3.680000067,0,0,217,837,1756
605,6962181067,4/16/2016,Sat,13217,8.739999771,50,3,280,741,2173
606,6962181067,4/17/2016,Sun,10145,6.710000038,5,13,295,634,2027
607,6962181067,4/18/2016,Mon,11404,7.539999962,13,42,238,689,2039
608,6962181067,4/19/2016,Tue,10742,7.099999905,35,41,195,659,2046
609,6962181067,4/20/2016,Wed,13928,9.550000191,48,4,297,639,2174
610,6962181067,4/21/2016,Thu,11835,9.710000038,53,27,214,708,2179
611,6962181067,4/22/2016,Fri,10725,7.090000153,30,33,240,659,2086
612,6962181067,4/23/2016,Sat,20031,13.23999977,58,41,347,484,2571
613,6962181067,4/24/2016,Sun,5029,3.319999933,0,0,199,720,1705
614,6962181067,4/25/2016,Mon,13239,9.270000458,35,31,282,637,2194
615,6962181067,4/26/2016,Tue,10433,6.900000095,36,7,254,680,2012
616,6962181067,4/27/2016,Wed,10320,6.820000172,7,38,279,697,2034
617,6962181067,4/28/2016,Thu,12627,8.350000381,38,8,288,621,2182
618,6962181067,4/29/2016,Fri,10762,7.110000134,12,15,369,645,2254
619,6962181067,4/30/2016,Sat,10081,6.659999847,32,16,237,731,2002
620,6962181067,5/1/2016,Sun,5454,3.609999895,0,0,215,722,1740
621,6962181067,5/2/2016,Mon,12912,8.539999962,18,39,313,655,2162
622,6962181067,5/3/2016,Tue,12109,8.119999886,21,36,267,654,2072
623,6962181067,5/4/2016,Wed,10147,6.710000038,15,36,284,683,2086
624,6962181067,5/5/2016,Thu,10524,6.960000038,14,22,305,591,2066
625,6962181067,5/6/2016,Fri,5908,3.910000086,0,0,299,717,1850
626,6962181067,5/7/2016,Sat,6815,4.5,0,0,328,745,1947
627,6962181067,5/8/2016,Sun,4188,2.769999981,0,14,151,709,1659
628,6962181067,5/9/2016,Mon,12342,8.720000267,43,21,231,607,2105
629,6962181067,5/10/2016,Tue,15448,10.21000004,62,34,275,626,2361
630,6962181067,5/11/2016,Wed,6722,4.440000057,24,7,199,709,1855
631,6962181067,5/12/2016,Thu,3587,2.369999886,0,8,105,127,928
632,7007744171,4/12/2016,Tue,14172,10.28999996,53,8,355,1024,2937
633,7007744171,4/13/2016,Wed,12862,9.649999619,56,22,261,1101,2742
634,7007744171,4/14/2016,Thu,11179,8.239999771,34,6,304,1096,2668
635,7007744171,4/15/2016,Fri,5273,3.529999971,0,0,202,1238,2098
636,7007744171,4/16/2016,Sat,4631,3.099999905,0,0,203,1155,2076
637,7007744171,4/17/2016,Sun,8059,5.389999866,0,0,305,1135,2383
638,7007744171,4/18/2016,Mon,14816,10.97999954,48,31,284,1077,2832
639,7007744171,4/19/2016,Tue,14194,10.47999954,53,17,304,1066,2812
640,7007744171,4/20/2016,Wed,15566,11.31000042,60,33,347,1000,3096
641,7007744171,4/21/2016,Thu,13744,9.18999958,30,34,327,1049,2763
642,7007744171,4/22/2016,Fri,15299,10.23999977,64,50,261,1065,2889
643,7007744171,4/23/2016,Sat,8093,5.409999847,2,25,223,1190,2284
644,7007744171,4/24/2016,Sun,11085,7.420000076,0,0,419,1021,2667
645,7007744171,4/25/2016,Mon,18229,13.34000015,51,24,379,986,3055
646,7007744171,4/26/2016,Tue,15090,10.10000038,16,22,424,978,2939
647,7007744171,4/27/2016,Wed,13541,10.22000027,50,12,337,1041,2830
648,7007744171,4/28/2016,Thu,15128,10.11999989,16,16,401,1007,2836
649,7007744171,4/29/2016,Fri,20067,14.30000019,55,42,382,961,3180
650,7007744171,4/30/2016,Sat,3761,2.519999981,0,0,200,1240,2051
651,7007744171,5/1/2016,Sun,5600,3.75,0,0,237,1142,2225
652,7007744171,5/2/2016,Mon,13041,9.180000305,64,14,250,1112,2642
653,7007744171,5/3/2016,Tue,14510,10.86999989,58,31,330,1021,2976
654,7007744171,5/5/2016,Thu,15010,11.10000038,53,23,317,1047,2933
655,7007744171,5/6/2016,Fri,11459,7.670000076,44,13,247,1136,2553
656,7086361926,4/12/2016,Tue,11317,8.409999847,59,6,153,745,2772
657,7086361926,4/13/2016,Wed,5813,3.619999886,31,26,155,744,2516
658,7086361926,4/14/2016,Thu,9123,6.119999886,35,32,189,787,2734
659,7086361926,4/15/2016,Fri,8585,5.670000076,30,21,139,864,2395
660,7086361926,4/18/2016,Mon,9827,6.710000038,61,51,114,1136,2743
661,7086361926,4/19/2016,Tue,10688,7.289999962,67,69,124,671,2944
662,7086361926,4/20/2016,Wed,14365,10.64000034,87,13,145,797,2997
663,7086361926,4/21/2016,Thu,9469,6.179999828,19,6,206,758,2463
664,7086361926,4/22/2016,Fri,9753,6.53000021,58,59,153,762,2846
665,7086361926,4/23/2016,Sat,2817,1.809999943,0,0,90,1350,1965
666,7086361926,4/24/2016,Sun,3520,2.160000086,0,0,125,566,2049
667,7086361926,4/25/2016,Mon,10091,6.820000172,69,39,129,706,2752
668,7086361926,4/26/2016,Tue,10387,7.070000172,70,33,132,726,2781
669,7086361926,4/27/2016,Wed,11107,8.340000153,55,6,145,829,2693
670,7086361926,4/28/2016,Thu,11584,7.800000191,54,48,161,810,2862
671,7086361926,4/29/2016,Fri,7881,4.949999809,24,36,182,1198,2616
672,7086361926,4/30/2016,Sat,14560,9.409999847,42,17,308,584,2995
673,7086361926,5/1/2016,Sun,12390,8.069999695,30,15,258,685,2730
674,7086361926,5/2/2016,Mon,10052,6.809999943,66,26,139,737,2754
675,7086361926,5/3/2016,Tue,10288,6.760000229,57,36,152,761,2754
676,7086361926,5/4/2016,Wed,10988,8.31000042,45,12,135,843,2655
677,7086361926,5/5/2016,Thu,8564,5.599999905,24,14,149,1253,2386
678,7086361926,5/6/2016,Fri,12461,8.380000114,84,35,154,834,2924
679,7086361926,5/7/2016,Sat,12827,8.479999542,20,42,209,621,2739
680,7086361926,5/8/2016,Sun,10677,7.099999905,32,27,147,695,2534
681,7086361926,5/9/2016,Mon,13566,9.109999657,67,50,171,743,2960
682,7086361926,5/10/2016,Tue,14433,10.78999996,72,23,106,1182,2800
683,7086361926,5/11/2016,Wed,9572,6.519999981,57,40,128,757,2735
684,7086361926,5/12/2016,Thu,3789,2.559999943,5,4,58,343,1199
685,8053475328,4/12/2016,Tue,18060,14.11999989,116,8,123,1193,3186
686,8053475328,4/13/2016,Wed,16433,13.35000038,95,12,156,1177,3140
687,8053475328,4/14/2016,Thu,20159,15.97000027,119,5,193,1123,3411
688,8053475328,4/15/2016,Fri,20669,16.23999977,132,8,158,1142,3410
689,8053475328,4/16/2016,Sat,14549,11.10999966,96,6,83,1255,2867
690,8053475328,4/17/2016,Sun,18827,13.68999958,111,21,195,1113,3213
691,8053475328,4/18/2016,Mon,17076,12.65999985,102,6,195,1137,3133
692,8053475328,4/19/2016,Tue,15929,12.47999954,90,7,191,1152,3114
693,8053475328,4/20/2016,Wed,15108,12.18999958,89,5,158,695,3043
694,8053475328,4/21/2016,Thu,16057,12.51000023,100,6,170,1164,3103
695,8053475328,4/22/2016,Fri,10520,8.289999962,60,3,117,1260,2655
696,8053475328,4/23/2016,Sat,22359,17.19000053,125,14,223,741,3554
697,8053475328,4/24/2016,Sun,22988,17.95000076,129,33,182,1096,3577
698,8053475328,4/25/2016,Mon,20500,15.68999958,118,9,209,1104,3403
699,8053475328,4/26/2016,Tue,12685,9.619999886,68,5,185,1182,2846
700,8053475328,4/27/2016,Wed,12422,9.819999695,60,10,183,1187,2852
701,8053475328,4/28/2016,Thu,15447,12.39999962,90,9,153,1188,3062
702,8053475328,4/29/2016,Fri,12315,9.649999619,58,8,159,1215,2794
703,8053475328,4/30/2016,Sat,7135,5.590000153,27,1,131,1281,2408
704,8053475328,5/1/2016,Sun,1170,0.850000024,0,0,51,1389,1886
705,8053475328,5/2/2016,Mon,1969,1.429999948,0,0,95,1345,1988
706,8053475328,5/3/2016,Tue,15484,11.89999962,87,22,165,1166,3023
707,8053475328,5/4/2016,Wed,14581,11.14999962,89,8,123,1220,2918
708,8053475328,5/5/2016,Thu,14990,11.51000023,93,9,130,1208,2950
709,8053475328,5/6/2016,Fri,13953,11.0,90,15,90,1245,2859
710,8053475328,5/7/2016,Sat,19769,15.67000008,121,20,148,1076,3331
711,8053475328,5/8/2016,Sun,22026,17.64999962,125,14,228,1073,3589
712,8053475328,5/9/2016,Mon,12465,9.380000114,66,12,148,1214,2765
713,8053475328,5/10/2016,Tue,14810,11.35999966,96,10,115,1219,2926
714,8053475328,5/11/2016,Wed,12209,9.399999619,60,7,184,1189,2809
715,8053475328,5/12/2016,Thu,4998,3.910000086,28,4,39,839,1505
716,8253242879,4/12/2016,Tue,9033,7.159999847,40,2,154,1244,2044
717,8253242879,4/13/2016,Wed,8053,6.099999905,35,11,96,1298,1935
718,8253242879,4/14/2016,Thu,5234,3.460000038,29,16,33,1362,1705
719,8253242879,4/15/2016,Fri,2672,1.769999981,0,0,105,1335,1632
720,8253242879,4/16/2016,Sat,9256,6.139999866,6,51,115,1268,1880
721,8253242879,4/17/2016,Sun,10204,7.909999847,41,5,157,1237,2112
722,8253242879,4/18/2016,Mon,5151,3.480000019,16,16,130,1278,1829
723,8253242879,4/19/2016,Tue,4212,2.779999971,0,0,164,1276,1763
724,8253242879,4/20/2016,Wed,6466,4.269999981,5,18,216,1201,1931
725,8253242879,4/21/2016,Thu,11268,8.56000042,49,20,172,1199,2218
726,8253242879,4/22/2016,Fri,2824,1.870000005,0,0,120,1320,1651
727,8253242879,4/23/2016,Sat,9282,6.260000229,30,26,191,1193,2132
728,8253242879,4/24/2016,Sun,8905,7.130000114,41,4,82,1313,1976
729,8253242879,4/25/2016,Mon,6829,4.510000229,7,54,118,1261,1909
730,8253242879,4/26/2016,Tue,4562,3.039999962,19,14,108,1299,1813
731,8253242879,4/27/2016,Wed,10232,8.180000305,45,5,104,1286,2008
732,8253242879,4/28/2016,Thu,2718,1.799999952,11,16,20,1393,1580
733,8253242879,4/29/2016,Fri,6260,4.260000229,16,14,136,1257,1854
734,8378563200,4/12/2016,Tue,7626,6.050000191,65,15,156,723,3635
735,8378563200,4/13/2016,Wed,12386,9.819999695,116,14,169,680,4079
736,8378563200,4/14/2016,Thu,13318,10.56000042,123,21,174,699,4163
737,8378563200,4/15/2016,Fri,14461,11.47000027,60,23,190,729,3666
738,8378563200,4/16/2016,Sat,11207,8.890000343,64,21,142,563,3363
739,8378563200,4/17/2016,Sun,2132,1.690000057,0,0,93,599,2572
740,8378563200,4/18/2016,Mon,13630,10.81000042,117,10,174,720,4157
741,8378563200,4/19/2016,Tue,13070,10.35999966,120,19,154,737,4092
742,8378563200,4/20/2016,Wed,9388,7.440000057,82,8,169,763,3787
743,8378563200,4/21/2016,Thu,15148,12.01000023,137,16,145,677,4236
744,8378563200,4/22/2016,Fri,12200,9.670000076,113,12,159,769,4044
745,8378563200,4/23/2016,Sat,5709,4.53000021,19,10,136,740,2908
746,8378563200,4/24/2016,Sun,3703,2.940000057,0,0,135,734,2741
747,8378563200,4/25/2016,Mon,12405,9.840000153,117,16,141,692,4005
748,8378563200,4/26/2016,Tue,16208,12.85000038,90,18,161,593,3763
749,8378563200,4/27/2016,Wed,7359,5.840000153,4,4,192,676,3061
750,8378563200,4/28/2016,Thu,5417,4.300000191,11,10,139,711,2884
751,8378563200,4/29/2016,Fri,6175,4.900000095,3,7,172,767,2982
752,8378563200,4/30/2016,Sat,2946,2.339999914,0,0,121,780,2660
753,8378563200,5/1/2016,Sun,11419,9.06000042,71,10,127,669,3369
754,8378563200,5/2/2016,Mon,6064,4.809999943,63,4,142,802,3491
755,8378563200,5/3/2016,Tue,8712,6.909999847,71,20,195,822,3784
756,8378563200,5/4/2016,Wed,7875,6.239999771,19,10,167,680,3110
757,8378563200,5/5/2016,Thu,8567,6.789999962,66,3,214,764,3783
758,8378563200,5/6/2016,Fri,7045,5.590000153,74,5,166,831,3644
759,8378563200,5/7/2016,Sat,4468,3.539999962,0,0,158,851,2799
760,8378563200,5/8/2016,Sun,2943,2.329999924,0,0,139,621,2685
761,8378563200,5/9/2016,Mon,8382,6.650000095,71,13,171,772,3721
762,8378563200,5/10/2016,Tue,6582,5.21999979,63,13,152,840,3586
763,8378563200,5/11/2016,Wed,9143,7.25,72,10,184,763,3788
764,8378563200,5/12/2016,Thu,4561,3.619999886,8,6,102,433,1976
765,8583815059,4/12/2016,Tue,5014,3.910000086,0,7,196,1237,2650
766,8583815059,4/13/2016,Wed,5571,4.349999905,2,23,163,1252,2654
767,8583815059,4/14/2016,Thu,3135,2.450000048,0,0,134,1306,2443
768,8583815059,4/15/2016,Fri,3430,2.680000067,0,0,65,1375,2505
769,8583815059,4/16/2016,Sat,5319,4.150000095,0,0,0,1440,2693
770,8583815059,4/17/2016,Sun,3008,2.349999905,0,0,0,1440,2439
771,8583815059,4/18/2016,Mon,3864,3.00999999,4,22,105,1309,2536
772,8583815059,4/19/2016,Tue,5697,4.440000057,7,10,166,1257,2668
773,8583815059,4/20/2016,Wed,5273,4.110000134,0,27,167,1246,2647
774,8583815059,4/21/2016,Thu,8538,6.659999847,35,18,158,1229,2883
775,8583815059,4/22/2016,Fri,8687,6.78000021,4,54,212,1170,2944
776,8583815059,4/23/2016,Sat,9423,7.349999905,7,44,238,1151,3012
777,8583815059,4/24/2016,Sun,8286,6.460000038,2,44,206,1188,2889
778,8583815059,4/25/2016,Mon,4503,3.50999999,18,6,122,1294,2547
779,8583815059,4/26/2016,Tue,10499,8.18999958,1,91,214,1134,3093
780,8583815059,4/27/2016,Wed,12474,9.729999542,77,5,129,1229,3142
781,8583815059,4/28/2016,Thu,6174,4.820000172,0,28,203,1209,2757
782,8583815059,4/29/2016,Fri,15168,11.82999992,46,67,258,1069,3513
783,8583815059,4/30/2016,Sat,10085,7.869999886,2,28,317,1093,3164
784,8583815059,5/1/2016,Sun,4512,3.519999981,10,2,117,1311,2596
785,8583815059,5/2/2016,Mon,8469,6.610000134,0,0,0,1440,2894
786,8583815059,5/3/2016,Tue,12015,9.369999886,0,0,0,1440,3212
787,8583815059,5/4/2016,Wed,3588,2.799999952,0,0,0,1440,2516
788,8583815059,5/5/2016,Thu,12427,9.68999958,0,0,70,1370,3266
789,8583815059,5/6/2016,Fri,5843,4.559999943,2,22,166,1250,2683
790,8583815059,5/7/2016,Sat,6117,4.769999981,0,0,250,1190,2810
791,8583815059,5/8/2016,Sun,9217,7.190000057,3,72,182,1183,2940
792,8583815059,5/9/2016,Mon,9877,7.699999809,66,4,110,1260,2947
793,8583815059,5/10/2016,Tue,8240,6.429999828,9,43,162,1226,2846
794,8583815059,5/11/2016,Wed,8701,6.789999962,5,71,177,1106,2804
795,8792009665,4/12/2016,Tue,2564,1.639999986,0,0,116,831,2044
796,8792009665,4/13/2016,Wed,1320,0.839999974,0,0,82,806,1934
797,8792009665,4/14/2016,Thu,1219,0.779999971,0,0,84,853,1963
798,8792009665,4/15/2016,Fri,2483,1.590000033,0,0,126,937,2009
799,8792009665,4/20/2016,Wed,3147,2.00999999,0,10,139,744,2188
800,8792009665,4/22/2016,Fri,4068,2.599999905,1,20,195,817,2419
801,8792009665,4/23/2016,Sat,5245,3.359999895,8,45,232,795,2748
802,8792009665,4/26/2016,Tue,1321,0.850000024,0,0,80,1360,1928
803,8792009665,4/27/2016,Wed,1758,1.129999995,0,0,112,900,2067
804,8792009665,4/28/2016,Thu,6157,3.940000057,0,0,310,714,2780
805,8792009665,4/29/2016,Fri,8360,5.349999905,6,14,380,634,3101
806,8792009665,4/30/2016,Sat,7174,4.590000153,10,20,301,749,2896
807,8792009665,5/1/2016,Sun,1619,1.039999962,0,0,79,834,1962
808,8792009665,5/2/2016,Mon,1831,1.169999957,0,0,101,916,2015
809,8792009665,5/3/2016,Tue,2421,1.549999952,0,0,156,739,2297
810,8792009665,5/4/2016,Wed,2283,1.460000038,0,0,129,848,2067
811,8877689391,4/12/2016,Tue,23186,20.39999962,85,7,312,1036,3921
812,8877689391,4/13/2016,Wed,15337,9.579999924,108,18,216,1098,3566
813,8877689391,4/14/2016,Thu,21129,18.97999954,68,13,298,1061,3793
814,8877689391,4/15/2016,Fri,13422,7.170000076,106,1,281,1052,3934
815,8877689391,4/16/2016,Sat,29326,25.29000092,94,29,429,888,4547
816,8877689391,4/17/2016,Sun,15118,8.869999886,58,15,307,1060,3545
817,8877689391,4/18/2016,Mon,11423,8.670000076,29,5,191,1215,2761
818,8877689391,4/19/2016,Tue,18785,17.39999962,82,13,214,1131,3676
819,8877689391,4/20/2016,Wed,19948,18.11000061,73,19,225,1123,3679
820,8877689391,4/21/2016,Thu,19377,17.62000084,82,13,226,1119,3659
821,8877689391,4/22/2016,Fri,18258,16.30999947,61,2,236,1141,3427
822,8877689391,4/23/2016,Sat,11200,7.429999828,102,6,300,1032,3891
823,8877689391,4/24/2016,Sun,16674,15.73999977,64,1,227,1148,3455
824,8877689391,4/25/2016,Mon,12986,8.739999771,113,8,218,1101,3802
825,8877689391,4/26/2016,Tue,11101,8.430000305,22,3,258,1157,2860
826,8877689391,4/27/2016,Wed,23629,20.64999962,93,8,235,1104,3808
827,8877689391,4/28/2016,Thu,14890,11.30000019,58,8,231,1143,3060
828,8877689391,4/29/2016,Fri,9733,7.389999866,18,5,210,1207,2698
829,8877689391,4/30/2016,Sat,27745,26.71999931,124,4,223,1089,4398
830,8877689391,5/1/2016,Sun,10930,8.319999695,36,12,166,1226,2786
831,8877689391,5/2/2016,Mon,4790,3.640000105,0,0,105,1335,2189
832,8877689391,5/3/2016,Tue,10818,8.210000038,19,3,229,1189,2817
833,8877689391,5/4/2016,Wed,18193,16.29999924,66,8,212,1154,3477
834,8877689391,5/5/2016,Thu,14055,10.67000008,67,15,188,1170,3052
835,8877689391,5/6/2016,Fri,21727,19.34000015,96,17,232,1095,4015
836,8877689391,5/7/2016,Sat,12332,8.130000114,105,28,271,1036,4142
837,8877689391,5/8/2016,Sun,10686,8.109999657,17,4,245,1174,2847
838,8877689391,5/9/2016,Mon,20226,18.25,73,19,217,1131,3710
839,8877689391,5/10/2016,Tue,10733,8.149999619,18,11,224,1187,2832
840,8877689391,5/11/2016,Wed,21420,19.55999947,88,12,213,1127,3832
841,8877689391,5/12/2016,Thu,8064,6.119999886,23,1,137,770,1849
